dropId-int,exp-int,growRes-string[],growTotalTime-int,harvestRes-string,id-int,lv-int,needWaterValue-int,plantingDifficulty-int,requiredFertilizer-int,requirementProficiency-int,witherTime-int
16,16.66666667,"seed-146-p1,seed-146-p2,seed-146-p3,seed-146-p4",30,seed-146-final,146,1,100,667,75,300,172800
17,16.66666667,"seed-147-p1,seed-147-p2,seed-147-p3",30,seed-147-final,147,1,100,667,75,300,172800
18,16.66666667,"seed-148-p1,seed-148-p2,seed-148-p3",30,seed-148-final,148,1,100,667,75,300,172800
19,51.84262426,"seed-149-p1,seed-149-p2,seed-149-p3",60,seed-149-final,149,2,150,1538,91,400,172800
20,51.84262426,"seed-150-p1,seed-150-p2,seed-150-p3,seed-150-p4",60,seed-150-final,150,2,150,1538,91,400,172800
21,51.84262426,"seed-151-p1,seed-151-p2,seed-151-p3",60,seed-151-final,151,2,150,1538,91,400,172800
22,121.6849856,"seed-152-p1,seed-152-p2,seed-152-p3,seed-152-p4",90,seed-152-final,152,3,200,3333,105,500,172800
23,121.6849856,"seed-153-p1,seed-153-p2,seed-153-p3",90,seed-153-final,153,3,200,3333,105,500,172800
24,121.6849856,"seed-154-p1,seed-154-p2,seed-154-p3,seed-154-p4",90,seed-154-final,154,3,200,3333,105,500,172800
