{"DataList":[{"Key":"Test","PathList":[{"X":271.315155,"Y":4.999085,"Z":42.87428},{"X":263.815216,"Y":4.99908447,"Z":36.56377},{"X":258.528564,"Y":4.99908447,"Z":41.5620461},{"X":265.662323,"Y":4.99908447,"Z":46.34414}],"Events":[{"Index":2,"Key":"idle","Duration":1000,"CustomData":""}]}]}