{"DataList":[{"Key":"Test","PathList":[{"X":266.195251,"Y":4.99908543,"Z":46.338295},{"X":270.07666,"Y":4.99908447,"Z":44.3985672},{"X":265.218628,"Y":4.99908447,"Z":44.2053337},{"X":266.195251,"Y":4.99908543,"Z":46.338295}],"Events":[{"Index":0,"Key":"idle","Duration":0,"CustomData":""}]}]}