{"DataList":[{"Key":"Test","PathList":[{"X":274.1335,"Y":4.99908447,"Z":45.39278},{"X":269.037018,"Y":4.999084,"Z":43.335144},{"X":262.577271,"Y":4.99908447,"Z":45.20281},{"X":266.84494,"Y":5.313795,"Z":47.2172}],"Events":[{"Index":2,"Key":"idle","Duration":2000,"CustomData":""}]}]}